Country Name,1960,1961,1962,1963,1964,1965,1966,1967,1968,1969,1970,1971,1972,1973,1974,1975,1976,1977,1978,1979,1980,1981,1982,1983,1984,1985,1986,1987,1988,1989,1990,1991,1992,1993,1994,1995,1996,1997,1998,1999,2000,2001,2002,2003,2004,2005,2006,2007,2008,2009,2010,2011,2012,2013,2014,2015,2016,Average
Afghanistan,,,,,,,,,,,,,,,,,,,,,,,,,,,,,,,,,,,,,,,,,,,,,,,,,,,,,,,,,,#DIV/0!
Albania,,,,,,,,,,,,,,,,,,,,,,,,,,,,,,,26686.71094,,,,,,,,,,26686.71094,,,,,,,,,,26686.71094,,,,,,,26686.71094
Algeria,,,,,,,,,,,,,,,,,,,,,,,,,,,,,,,2285675.75,,,,,,,,,,2285675.75,,,,,,,,,,2285675.75,,,,,,,2285675.75
American Samoa,,,,,,,,,,,,,,,,,,,,,,,,,,,,,,,87.64226532,,,,,,,,,,87.64226532,,,,,,,,,,87.64226532,,,,,,,87.64226532
Andorra,,,,,,,,,,,,,,,,,,,,,,,,,,,,,,,,,,,,,,,,,,,,,,,,,,,,,,,,,,#DIV/0!
Angola,,,,,,,,,,,,,,,,,,,,,,,,,,,,,,,1248198.625,,,,,,,,,,1248198.625,,,,,,,,,,1248198.625,,,,,,,1248198.625
Antigua and Barbuda,,,,,,,,,,,,,,,,,,,,,,,,,,,,,,,167.8600616,,,,,,,,,,167.8600616,,,,,,,,,,167.8600616,,,,,,,167.8600616
Arab World,,,,,,,,,,,,,,,,,,,,,,,,,,,,,,,13247809.63,,,,,,,,,,13247809.63,,,,,,,,,,13247809.63,,,,,,,13247809.63
Argentina,,,,,,,,,,,,,,,,,,,,,,,,,,,,,,,2690269.5,,,,,,,,,,2690269.5,,,,,,,,,,2690269.5,,,,,,,2690269.5
Armenia,,,,,,,,,,,,,,,,,,,,,,,,,,,,,,,,,,,,,,,,,,,,,,,,,,,,,,,,,,#DIV/0!
Aruba,,,,,,,,,,,,,,,,,,,,,,,,,,,,,,,9.008321762,,,,,,,,,,9.008321762,,,,,,,,,,9.008321762,,,,,,,9.008321762
Australia,,,,,,,,,,,,,,,,,,,,,,,,,,,,,,,7641564.5,,,,,,,,,,7641564.5,,,,,,,,,,7641564.5,,,,,,,7641564.5
Austria,,,,,,,,,,,,,,,,,,,,,,,,,,,,,,,,,,,,,,,,,,,,,,,,,,,,,,,,,,#DIV/0!
Azerbaijan,,,,,,,,,,,,,,,,,,,,,,,,,,,,,,,,,,,,,,,,,,,,,,,,,,,,,,,,,,#DIV/0!
"Bahamas, The",,,,,,,,,,,,,,,,,,,,,,,,,,,,,,,12245.5166,,,,,,,,,,12245.5166,,,,,,,,,,12245.5166,,,,,,,12245.5166
Bahrain,,,,,,,,,,,,,,,,,,,,,,,,,,,,,,,115.1443634,,,,,,,,,,115.1443634,,,,,,,,,,115.1443634,,,,,,,115.1443634
Bangladesh,,,,,,,,,,,,,,,,,,,,,,,,,,,,,,,123889.625,,,,,,,,,,123889.625,,,,,,,,,,123889.625,,,,,,,123889.625
Barbados,,,,,,,,,,,,,,,,,,,,,,,,,,,,,,,14.80739212,,,,,,,,,,14.80739212,,,,,,,,,,14.80739212,,,,,,,14.80739212
Belarus,,,,,,,,,,,,,,,,,,,,,,,,,,,,,,,198055.7813,,,,,,,,,,198055.7813,,,,,,,,,,198055.7813,,,,,,,198055.7813
Belgium,,,,,,,,,,,,,,,,,,,,,,,,,,,,,,,18091.89063,,,,,,,,,,18091.89063,,,,,,,,,,18091.89063,,,,,,,18091.89063
Belize,,,,,,,,,,,,,,,,,,,,,,,,,,,,,,,21296.04492,,,,,,,,,,21296.04492,,,,,,,,,,21296.04492,,,,,,,21296.04492
Benin,,,,,,,,,,,,,,,,,,,,,,,,,,,,,,,113916.9609,,,,,,,,,,113916.9609,,,,,,,,,,113916.9609,,,,,,,113916.9609
Bermuda,,,,,,,,,,,,,,,,,,,,,,,,,,,,,,,22.78402901,,,,,,,,,,22.78402901,,,,,,,,,,22.78402901,,,,,,,22.78402901
Bhutan,,,,,,,,,,,,,,,,,,,,,,,,,,,,,,,,,,,,,,,,,,,,,,,,,,,,,,,,,,#DIV/0!
Bolivia,,,,,,,,,,,,,,,,,,,,,,,,,,,,,,,,,,,,,,,,,,,,,,,,,,,,,,,,,,#DIV/0!
Bosnia and Herzegovina,,,,,,,,,,,,,,,,,,,,,,,,,,,,,,,49338.41797,,,,,,,,,,49338.41797,,,,,,,,,,49338.41797,,,,,,,49338.41797
Botswana,,,,,,,,,,,,,,,,,,,,,,,,,,,,,,,,,,,,,,,,,,,,,,,,,,,,,,,,,,#DIV/0!
Brazil,,,,,,,,,,,,,,,,,,,,,,,,,,,,,,,8241430,,,,,,,,,,8241430,,,,,,,,,,8241430,,,,,,,8241430
British Virgin Islands,,,,,,,,,,,,,,,,,,,,,,,,,,,,,,,106.7865906,,,,,,,,,,106.7865906,,,,,,,,,,106.7865906,,,,,,,106.7865906
Brunei Darussalam,,,,,,,,,,,,,,,,,,,,,,,,,,,,,,,4743.62207,,,,,,,,,,4743.62207,,,,,,,,,,4743.62207,,,,,,,4743.62207
Bulgaria,,,,,,,,,,,,,,,,,,,,,,,,,,,,,,,103838.0078,,,,,,,,,,103838.0078,,,,,,,,,,103838.0078,,,,,,,103838.0078
Burkina Faso,,,,,,,,,,,,,,,,,,,,,,,,,,,,,,,,,,,,,,,,,,,,,,,,,,,,,,,,,,#DIV/0!
Burundi,,,,,,,,,,,,,,,,,,,,,,,,,,,,,,,,,,,,,,,,,,,,,,,,,,,,,,,,,,#DIV/0!
Cabo Verde,,,,,,,,,,,,,,,,,,,,,,,,,,,,,,,3913.569092,,,,,,,,,,3913.569092,,,,,,,,,,3913.569092,,,,,,,3913.569092
Cambodia,,,,,,,,,,,,,,,,,,,,,,,,,,,,,,,176298.1875,,,,,,,,,,176298.1875,,,,,,,,,,176298.1875,,,,,,,176298.1875
Cameroon,,,,,,,,,,,,,,,,,,,,,,,,,,,,,,,459153.1875,,,,,,,,,,459153.1875,,,,,,,,,,459153.1875,,,,,,,459153.1875
Canada,,,,,,,,,,,,,,,,,,,,,,,,,,,,,,,9084045,,,,,,,,,,9084045,,,,,,,,,,9084045,,,,,,,9084045
Caribbean small states,,,,,,,,,,,,,,,,,,,,,,,,,,,,,,,393218.2085,,,,,,,,,,393218.2085,,,,,,,,,,393218.2085,,,,,,,393218.2085
Cayman Islands,,,,,,,,,,,,,,,,,,,,,,,,,,,,,,,64.61621094,,,,,,,,,,64.61621094,,,,,,,,,,64.61621094,,,,,,,64.61621094
Central African Republic,,,,,,,,,,,,,,,,,,,,,,,,,,,,,,,,,,,,,,,,,,,,,,,,,,,,,,,,,,#DIV/0!
Central Europe and the Baltics,,,,,,,,,,,,,,,,,,,,,,,,,,,,,,,829422.9101,,,,,,,,,,829422.9101,,,,,,,,,,829422.9101,,,,,,,829422.9101
Chad,,,,,,,,,,,,,,,,,,,,,,,,,,,,,,,,,,,,,,,,,,,,,,,,,,,,,,,,,,#DIV/0!
Channel Islands,,,,,,,,,,,,,,,,,,,,,,,,,,,,,,,,,,,,,,,,,,,,,,,,,,,,,,,,,,#DIV/0!
Chile,,,,,,,,,,,,,,,,,,,,,,,,,,,,,,,709418.75,,,,,,,,,,709418.75,,,,,,,,,,709418.75,,,,,,,709418.75
China,,,,,,,,,,,,,,,,,,,,,,,,,,,,,,,8868577,,,,,,,,,,8868577,,,,,,,,,,8868577,,,,,,,8868577
Colombia,,,,,,,,,,,,,,,,,,,,,,,,,,,,,,,1090598.125,,,,,,,,,,1090598.125,,,,,,,,,,1090598.125,,,,,,,1090598.125
Comoros,,,,,,,,,,,,,,,,,,,,,,,,,,,,,,,1478.78833,,,,,,,,,,1478.78833,,,,,,,,,,1478.78833,,,,,,,1478.78833
"Congo, Dem. Rep.",,,,,,,,,,,,,,,,,,,,,,,,,,,,,,,2278811.75,,,,,,,,,,2278811.75,,,,,,,,,,2278811.75,,,,,,,2278811.75
"Congo, Rep.",,,,,,,,,,,,,,,,,,,,,,,,,,,,,,,338427.125,,,,,,,,,,338427.125,,,,,,,,,,338427.125,,,,,,,338427.125
Costa Rica,,,,,,,,,,,,,,,,,,,,,,,,,,,,,,,46479.98438,,,,,,,,,,46479.98438,,,,,,,,,,46479.98438,,,,,,,46479.98438
Cote d'Ivoire,,,,,,,,,,,,,,,,,,,,,,,,,,,,,,,314812.3438,,,,,,,,,,314812.3438,,,,,,,,,,314812.3438,,,,,,,314812.3438
Croatia,,,,,,,,,,,,,,,,,,,,,,,,,,,,,,,51019.57031,,,,,,,,,,51019.57031,,,,,,,,,,51019.57031,,,,,,,51019.57031
Cuba,,,,,,,,,,,,,,,,,,,,,,,,,,,,,,,100440.7969,,,,,,,,,,100440.7969,,,,,,,,,,100440.7969,,,,,,,100440.7969
Curacao,,,,,,,,,,,,,,,,,,,,,,,,,,,,,,,,,,,,,,,,,,,,,,,,,,,,,,,,,,#DIV/0!
Cyprus,,,,,,,,,,,,,,,,,,,,,,,,,,,,,,,6949.833984,,,,,,,,,,6949.833984,,,,,,,,,,6949.833984,,,,,,,6949.833984
Czech Republic,,,,,,,,,,,,,,,,,,,,,,,,,,,,,,,,,,,,,,,,,,,,,,,,,,,,,,,,,,#DIV/0!
Denmark,,,,,,,,,,,,,,,,,,,,,,,,,,,,,,,33044.11719,,,,,,,,,,33044.11719,,,,,,,,,,33044.11719,,,,,,,33044.11719
Djibouti,,,,,,,,,,,,,,,,,,,,,,,,,,,,,,,21411.55273,,,,,,,,,,21411.55273,,,,,,,,,,21411.55273,,,,,,,21411.55273
Dominica,,,,,,,,,,,,,,,,,,,,,,,,,,,,,,,503.7093811,,,,,,,,,,503.7093811,,,,,,,,,,503.7093811,,,,,,,503.7093811
Dominican Republic,,,,,,,,,,,,,,,,,,,,,,,,,,,,,,,42784.17969,,,,,,,,,,42784.17969,,,,,,,,,,42784.17969,,,,,,,42784.17969
Early-demographic dividend,,,,,,,,,,,,,,,,,,,,,,,,,,,,,,,27317793.27,,,,,,,,,,27317793.27,,,,,,,,,,27317793.27,,,,,,,27317793.27
East Asia & Pacific,,,,,,,,,,,,,,,,,,,,,,,,,,,,,,,22098309.76,,,,,,,,,,22098309.76,,,,,,,,,,22098309.76,,,,,,,22098309.76
East Asia & Pacific (excluding high income),,,,,,,,,,,,,,,,,,,,,,,,,,,,,,,13813910.57,,,,,,,,,,13813910.57,,,,,,,,,,13813910.57,,,,,,,13813910.57
East Asia & Pacific (IDA & IBRD countries),,,,,,,,,,,,,,,,,,,,,,,,,,,,,,,13694589.53,,,,,,,,,,13694589.53,,,,,,,,,,13694589.53,,,,,,,13694589.53
Ecuador,,,,,,,,,,,,,,,,,,,,,,,,,,,,,,,244458.2344,,,,,,,,,,244458.2344,,,,,,,,,,244458.2344,,,,,,,244458.2344
"Egypt, Arab Rep.",,,,,,,,,,,,,,,,,,,,,,,,,,,,,,,951268.875,,,,,,,,,,951268.875,,,,,,,,,,951268.875,,,,,,,951268.875
El Salvador,,,,,,,,,,,,,,,,,,,,,,,,,,,,,,,16349.95117,,,,,,,,,,16349.95117,,,,,,,,,,16349.95117,,,,,,,16349.95117
Equatorial Guinea,,,,,,,,,,,,,,,,,,,,,,,,,,,,,,,26800.91797,,,,,,,,,,26800.91797,,,,,,,,,,26800.91797,,,,,,,26800.91797
Eritrea,,,,,,,,,,,,,,,,,,,,,,,,,,,,,,,122239.8281,,,,,,,,,,122239.8281,,,,,,,,,,122239.8281,,,,,,,122239.8281
Estonia,,,,,,,,,,,,,,,,,,,,,,,,,,,,,,,40498.62109,,,,,,,,,,40498.62109,,,,,,,,,,40498.62109,,,,,,,40498.62109
Ethiopia,,,,,,,,,,,,,,,,,,,,,,,,,,,,,,,1117893.375,,,,,,,,,,1117893.375,,,,,,,,,,1117893.375,,,,,,,1117893.375
Euro area,,,,,,,,,,,,,,,,,,,,,,,,,,,,,,,2175027.394,,,,,,,,,,2175027.394,,,,,,,,,,2175027.394,,,,,,,2175027.394
Europe & Central Asia,,,,,,,,,,,,,,,,,,,,,,,,,,,,,,,22064738.74,,,,,,,,,,22064738.74,,,,,,,,,,22064738.74,,,,,,,22064738.74
Europe & Central Asia (excluding high income),,,,,,,,,,,,,,,,,,,,,,,,,,,,,,,18298350.99,,,,,,,,,,18298350.99,,,,,,,,,,18298350.99,,,,,,,18298350.99
Europe & Central Asia (IDA & IBRD countries),,,,,,,,,,,,,,,,,,,,,,,,,,,,,,,18627211.06,,,,,,,,,,18627211.06,,,,,,,,,,18627211.06,,,,,,,18627211.06
European Union,,,,,,,,,,,,,,,,,,,,,,,,,,,,,,,3433973.73,,,,,,,,,,3433973.73,,,,,,,,,,3433973.73,,,,,,,3433973.73
Faroe Islands,,,,,,,,,,,,,,,,,,,,,,,,,,,,,,,1379.931396,,,,,,,,,,1379.931396,,,,,,,,,,1379.931396,,,,,,,1379.931396
Fiji,,,,,,,,,,,,,,,,,,,,,,,,,,,,,,,17199.44379,,,,,,,,,,17199.44379,,,,,,,,,,17199.44379,,,,,,,17199.44379
Finland,,,,,,,,,,,,,,,,,,,,,,,,,,,,,,,289666.2813,,,,,,,,,,289666.2813,,,,,,,,,,289666.2813,,,,,,,289666.2813
Fragile and conflict affected situations,,,,,,,,,,,,,,,,,,,,,,,,,,,,,,,11752514.99,,,,,,,,,,11752514.99,,,,,,,,,,11752514.99,,,,,,,11752514.99
France,,,,,,,,,,,,,,,,,,,,,,,,,,,,,,,457993.5938,,,,,,,,,,457993.5938,,,,,,,,,,457993.5938,,,,,,,457993.5938
French Polynesia,,,,,,,,,,,,,,,,,,,,,,,,,,,,,,,3787.225342,,,,,,,,,,3787.225342,,,,,,,,,,3787.225342,,,,,,,3787.225342
Gabon,,,,,,,,,,,,,,,,,,,,,,,,,,,,,,,261381.75,,,,,,,,,,261381.75,,,,,,,,,,261381.75,,,,,,,261381.75
"Gambia, The",,,,,,,,,,,,,,,,,,,,,,,,,,,,,,,10461.87305,,,,,,,,,,10461.87305,,,,,,,,,,10461.87305,,,,,,,10461.87305
Georgia,,,,,,,,,,,,,,,,,,,,,,,,,,,,,,,64912.71484,,,,,,,,,,64912.71484,,,,,,,,,,64912.71484,,,,,,,64912.71484
Germany,,,,,,,,,,,,,,,,,,,,,,,,,,,,,,,291859.2188,,,,,,,,,,291859.2188,,,,,,,,,,291859.2188,,,,,,,291859.2188
Ghana,,,,,,,,,,,,,,,,,,,,,,,,,,,,,,,224697.4844,,,,,,,,,,224697.4844,,,,,,,,,,224697.4844,,,,,,,224697.4844
Gibraltar,,,,,,,,,,,,,,,,,,,,,,,,,,,,,,,2.264643908,,,,,,,,,,2.264643908,,,,,,,,,,2.264643908,,,,,,,2.264643908
Greece,,,,,,,,,,,,,,,,,,,,,,,,,,,,,,,112653.5781,,,,,,,,,,112653.5781,,,,,,,,,,112653.5781,,,,,,,112653.5781
Greenland,,,,,,,,,,,,,,,,,,,,,,,,,,,,,,,242639.5938,,,,,,,,,,242639.5938,,,,,,,,,,242639.5938,,,,,,,242639.5938
Grenada,,,,,,,,,,,,,,,,,,,,,,,,,,,,,,,153.5099182,,,,,,,,,,153.5099182,,,,,,,,,,153.5099182,,,,,,,153.5099182
Guam,,,,,,,,,,,,,,,,,,,,,,,,,,,,,,,33.10237503,,,,,,,,,,33.10237503,,,,,,,,,,33.10237503,,,,,,,33.10237503
Guatemala,,,,,,,,,,,,,,,,,,,,,,,,,,,,,,,103568.3359,,,,,,,,,,103568.3359,,,,,,,,,,103568.3359,,,,,,,103568.3359
Guinea,,,,,,,,,,,,,,,,,,,,,,,,,,,,,,,243431.1875,,,,,,,,,,243431.1875,,,,,,,,,,243431.1875,,,,,,,243431.1875
Guinea-Bissau,,,,,,,,,,,,,,,,,,,,,,,,,,,,,,,33629.69922,,,,,,,,,,33629.69922,,,,,,,,,,33629.69922,,,,,,,33629.69922
Guyana,,,,,,,,,,,,,,,,,,,,,,,,,,,,,,,207343.4219,,,,,,,,,,207343.4219,,,,,,,,,,207343.4219,,,,,,,207343.4219
Haiti,,,,,,,,,,,,,,,,,,,,,,,,,,,,,,,26163.41602,,,,,,,,,,26163.41602,,,,,,,,,,26163.41602,,,,,,,26163.41602
Heavily indebted poor countries (HIPC),,,,,,,,,,,,,,,,,,,,,,,,,,,,,,,13878033.3,,,,,,,,,,13878033.3,,,,,,,,,,13878033.3,,,,,,,13878033.3
High income,,,,,,,,,,,,,,,,,,,,,,,,,,,,,,,32909276.44,,,,,,,,,,32909276.44,,,,,,,,,,32909276.44,,,,,,,32909276.44
Honduras,,,,,,,,,,,,,,,,,,,,,,,,,,,,,,,108150.5781,,,,,,,,,,108150.5781,,,,,,,,,,108150.5781,,,,,,,108150.5781
"Hong Kong SAR, China",,,,,,,,,,,,,,,,,,,,,,,,,,,,,,,231.1713409,,,,,,,,,,231.1713409,,,,,,,,,,231.1713409,,,,,,,231.1713409
Hungary,,,,,,,,,,,,,,,,,,,,,,,,,,,,,,,,,,,,,,,,,,,,,,,,,,,,,,,,,,#DIV/0!
IBRD only,,,,,,,,,,,,,,,,,,,,,,,,,,,,,,,61057908.11,,,,,,,,,,61057908.11,,,,,,,,,,61057908.11,,,,,,,61057908.11
Iceland,,,,,,,,,,,,,,,,,,,,,,,,,,,,,,,88593.21875,,,,,,,,,,88593.21875,,,,,,,,,,88593.21875,,,,,,,88593.21875
IDA & IBRD total,,,,,,,,,,,,,,,,,,,,,,,,,,,,,,,79871809.23,,,,,,,,,,79871809.23,,,,,,,,,,79871809.23,,,,,,,79871809.23
IDA blend,,,,,,,,,,,,,,,,,,,,,,,,,,,,,,,3319019.272,,,,,,,,,,3319019.272,,,,,,,,,,3319019.272,,,,,,,3319019.272
IDA only,,,,,,,,,,,,,,,,,,,,,,,,,,,,,,,15494881.84,,,,,,,,,,15494881.84,,,,,,,,,,15494881.84,,,,,,,15494881.84
IDA total,,,,,,,,,,,,,,,,,,,,,,,,,,,,,,,18813901.12,,,,,,,,,,18813901.12,,,,,,,,,,18813901.12,,,,,,,18813901.12
India,,,,,,,,,,,,,,,,,,,,,,,,,,,,,,,2980489.25,,,,,,,,,,2980489.25,,,,,,,,,,2980489.25,,,,,,,2980489.25
Indonesia,,,,,,,,,,,,,,,,,,,,,,,,,,,,,,,1838682.625,,,,,,,,,,1838682.625,,,,,,,,,,1838682.625,,,,,,,1838682.625
"Iran, Islamic Rep.",,,,,,,,,,,,,,,,,,,,,,,,,,,,,,,1545056.125,,,,,,,,,,1545056.125,,,,,,,,,,1545056.125,,,,,,,1545056.125
Iraq,,,,,,,,,,,,,,,,,,,,,,,,,,,,,,,415377.6563,,,,,,,,,,415377.6563,,,,,,,,,,415377.6563,,,,,,,415377.6563
Ireland,,,,,,,,,,,,,,,,,,,,,,,,,,,,,,,63249.21484,,,,,,,,,,63249.21484,,,,,,,,,,63249.21484,,,,,,,63249.21484
Isle of Man,,,,,,,,,,,,,,,,,,,,,,,,,,,,,,,333.4710388,,,,,,,,,,333.4710388,,,,,,,,,,333.4710388,,,,,,,333.4710388
Israel,,,,,,,,,,,,,,,,,,,,,,,,,,,,,,,15621.7832,,,,,,,,,,15621.7832,,,,,,,,,,15621.7832,,,,,,,15621.7832
Italy,,,,,,,,,,,,,,,,,,,,,,,,,,,,,,,223236.4375,,,,,,,,,,223236.4375,,,,,,,,,,223236.4375,,,,,,,223236.4375
Jamaica,,,,,,,,,,,,,,,,,,,,,,,,,,,,,,,8015.424316,,,,,,,,,,8015.424316,,,,,,,,,,8015.424316,,,,,,,8015.424316
Japan,,,,,,,,,,,,,,,,,,,,,,,,,,,,,,,260649.5938,,,,,,,,,,260649.5938,,,,,,,,,,260649.5938,,,,,,,260649.5938
Jordan,,,,,,,,,,,,,,,,,,,,,,,,,,,,,,,86229.24219,,,,,,,,,,86229.24219,,,,,,,,,,86229.24219,,,,,,,86229.24219
Kazakhstan,,,,,,,,,,,,,,,,,,,,,,,,,,,,,,,,,,,,,,,,,,,,,,,,,,,,,,,,,,#DIV/0!
Kenya,,,,,,,,,,,,,,,,,,,,,,,,,,,,,,,576333.75,,,,,,,,,,576333.75,,,,,,,,,,576333.75,,,,,,,576333.75
Kiribati,,,,,,,,,,,,,,,,,,,,,,,,,,,,,,,985.0445251,,,,,,,,,,985.0445251,,,,,,,,,,985.0445251,,,,,,,985.0445251
"Korea, Dem. People’s Rep.",,,,,,,,,,,,,,,,,,,,,,,,,,,,,,,119243.4453,,,,,,,,,,119243.4453,,,,,,,,,,119243.4453,,,,,,,119243.4453
"Korea, Rep.",,,,,,,,,,,,,,,,,,,,,,,,,,,,,,,77155.28906,,,,,,,,,,77155.28906,,,,,,,,,,77155.28906,,,,,,,77155.28906
Kosovo,,,,,,,,,,,,,,,,,,,,,,,,,,,,,,,,,,,,,,,,,,,,,,,,,,,,,,,,,,#DIV/0!
Kuwait,,,,,,,,,,,,,,,,,,,,,,,,,,,,,,,13422.94238,,,,,,,,,,13422.94238,,,,,,,,,,13422.94238,,,,,,,13422.94238
Kyrgyz Republic,,,,,,,,,,,,,,,,,,,,,,,,,,,,,,,,,,,,,,,,,,,,,,,,,,,,,,,,,,#DIV/0!
Lao PDR,,,,,,,,,,,,,,,,,,,,,,,,,,,,,,,227855.5313,,,,,,,,,,227855.5313,,,,,,,,,,227855.5313,,,,,,,227855.5313
Late-demographic dividend,,,,,,,,,,,,,,,,,,,,,,,,,,,,,,,39108425.06,,,,,,,,,,39108425.06,,,,,,,,,,39108425.06,,,,,,,39108425.06
Latin America & Caribbean,,,,,,,,,,,,,,,,,,,,,,,,,,,,,,,18127126.26,,,,,,,,,,18127126.26,,,,,,,,,,18127126.26,,,,,,,18127126.26
Latin America & Caribbean (excluding high income),,,,,,,,,,,,,,,,,,,,,,,,,,,,,,,17231962.28,,,,,,,,,,17231962.28,,,,,,,,,,17231962.28,,,,,,,17231962.28
Latin America & the Caribbean (IDA & IBRD countries),,,,,,,,,,,,,,,,,,,,,,,,,,,,,,,18012755.59,,,,,,,,,,18012755.59,,,,,,,,,,18012755.59,,,,,,,18012755.59
Latvia,,,,,,,,,,,,,,,,,,,,,,,,,,,,,,,60137.24219,,,,,,,,,,60137.24219,,,,,,,,,,60137.24219,,,,,,,60137.24219
Least developed countries: UN classification,,,,,,,,,,,,,,,,,,,,,,,,,,,,,,,15059561.38,,,,,,,,,,15059561.38,,,,,,,,,,15059561.38,,,,,,,15059561.38
Lebanon,,,,,,,,,,,,,,,,,,,,,,,,,,,,,,,8081.997559,,,,,,,,,,8081.997559,,,,,,,,,,8081.997559,,,,,,,8081.997559
Lesotho,,,,,,,,,,,,,,,,,,,,,,,,,,,,,,,,,,,,,,,,,,,,,,,,,,,,,,,,,,#DIV/0!
Liberia,,,,,,,,,,,,,,,,,,,,,,,,,,,,,,,95634.38281,,,,,,,,,,95634.38281,,,,,,,,,,95634.38281,,,,,,,95634.38281
Libya,,,,,,,,,,,,,,,,,,,,,,,,,,,,,,,1606874.75,,,,,,,,,,1606874.75,,,,,,,,,,1606874.75,,,,,,,1606874.75
Liechtenstein,,,,,,,,,,,,,,,,,,,,,,,,,,,,,,,,,,,,,,,,,,,,,,,,,,,,,,,,,,#DIV/0!
Lithuania,,,,,,,,,,,,,,,,,,,,,,,,,,,,,,,59360.13672,,,,,,,,,,59360.13672,,,,,,,,,,59360.13672,,,,,,,59360.13672
Low & middle income,,,,,,,,,,,,,,,,,,,,,,,,,,,,,,,78884793.98,,,,,,,,,,78884793.98,,,,,,,,,,78884793.98,,,,,,,78884793.98
Low income,,,,,,,,,,,,,,,,,,,,,,,,,,,,,,,8697479.628,,,,,,,,,,8697479.628,,,,,,,,,,8697479.628,,,,,,,8697479.628
Lower middle income,,,,,,,,,,,,,,,,,,,,,,,,,,,,,,,17577983.58,,,,,,,,,,17577983.58,,,,,,,,,,17577983.58,,,,,,,17577983.58
Luxembourg,,,,,,,,,,,,,,,,,,,,,,,,,,,,,,,1782.765503,,,,,,,,,,1782.765503,,,,,,,,,,1782.765503,,,,,,,1782.765503
"Macao SAR, China",,,,,,,,,,,,,,,,,,,,,,,,,,,,,,,11.18112087,,,,,,,,,,11.18112087,,,,,,,,,,11.18112087,,,,,,,11.18112087
"Macedonia, FYR",,,,,,,,,,,,,,,,,,,,,,,,,,,,,,,21962.62305,,,,,,,,,,21962.62305,,,,,,,,,,21962.62305,,,,,,,21962.62305
Madagascar,,,,,,,,,,,,,,,,,,,,,,,,,,,,,,,587832.9375,,,,,,,,,,587832.9375,,,,,,,,,,587832.9375,,,,,,,587832.9375
Malawi,,,,,,,,,,,,,,,,,,,,,,,,,,,,,,,92909.46094,,,,,,,,,,92909.46094,,,,,,,,,,92909.46094,,,,,,,92909.46094
Malaysia,,,,,,,,,,,,,,,,,,,,,,,,,,,,,,,312833.0313,,,,,,,,,,312833.0313,,,,,,,,,,312833.0313,,,,,,,312833.0313
Maldives,,,,,,,,,,,,,,,,,,,,,,,,,,,,,,,291.7807007,,,,,,,,,,291.7807007,,,,,,,,,,291.7807007,,,,,,,291.7807007
Mali,,,,,,,,,,,,,,,,,,,,,,,,,,,,,,,1243208.25,,,,,,,,,,1243208.25,,,,,,,,,,1243208.25,,,,,,,1243208.25
Malta,,,,,,,,,,,,,,,,,,,,,,,,,,,,,,,30.62650871,,,,,,,,,,30.62650871,,,,,,,,,,30.62650871,,,,,,,30.62650871
Marshall Islands,,,,,,,,,,,,,,,,,,,,,,,,,,,,,,,284.8295898,,,,,,,,,,284.8295898,,,,,,,,,,284.8295898,,,,,,,284.8295898
Mauritania,,,,,,,,,,,,,,,,,,,,,,,,,,,,,,,1041101.875,,,,,,,,,,1041101.875,,,,,,,,,,1041101.875,,,,,,,1041101.875
Mauritius,,,,,,,,,,,,,,,,,,,,,,,,,,,,,,,727.6514893,,,,,,,,,,727.6514893,,,,,,,,,,727.6514893,,,,,,,727.6514893
Mexico,,,,,,,,,,,,,,,,,,,,,,,,,,,,,,,1831423.5,,,,,,,,,,1831423.5,,,,,,,,,,1831423.5,,,,,,,1831423.5
"Micronesia, Fed. Sts.",,,,,,,,,,,,,,,,,,,,,,,,,,,,,,,517.3094482,,,,,,,,,,517.3094482,,,,,,,,,,517.3094482,,,,,,,517.3094482
Middle East & North Africa,,,,,,,,,,,,,,,,,,,,,,,,,,,,,,,10642151.44,,,,,,,,,,10642151.44,,,,,,,,,,10642151.44,,,,,,,10642151.44
Middle East & North Africa (excluding high income),,,,,,,,,,,,,,,,,,,,,,,,,,,,,,,8312627.181,,,,,,,,,,8312627.181,,,,,,,,,,8312627.181,,,,,,,8312627.181
Middle East & North Africa (IDA & IBRD countries),,,,,,,,,,,,,,,,,,,,,,,,,,,,,,,8309122.121,,,,,,,,,,8309122.121,,,,,,,,,,8309122.121,,,,,,,8309122.121
Middle income,,,,,,,,,,,,,,,,,,,,,,,,,,,,,,,70187314.35,,,,,,,,,,70187314.35,,,,,,,,,,70187314.35,,,,,,,70187314.35
Moldova,,,,,,,,,,,,,,,,,,,,,,,,,,,,,,,31217.15234,,,,,,,,,,31217.15234,,,,,,,,,,31217.15234,,,,,,,31217.15234
Monaco,,,,,,,,,,,,,,,,,,,,,,,,,,,,,,,0.483293235,,,,,,,,,,0.483293235,,,,,,,,,,0.483293235,,,,,,,0.483293235
Mongolia,,,,,,,,,,,,,,,,,,,,,,,,,,,,,,,,,,,,,,,,,,,,,,,,,,,,,,,,,,#DIV/0!
Montenegro,,,,,,,,,,,,,,,,,,,,,,,,,,,,,,,,,,,,,,,,,,,,,,,,,,,,,,,,,,#DIV/0!
Morocco,,,,,,,,,,,,,,,,,,,,,,,,,,,,,,,659759.4375,,,,,,,,,,659759.4375,,,,,,,,,,659759.4375,,,,,,,659759.4375
Mozambique,,,,,,,,,,,,,,,,,,,,,,,,,,,,,,,769595.125,,,,,,,,,,769595.125,,,,,,,,,,769595.125,,,,,,,769595.125
Myanmar,,,,,,,,,,,,,,,,,,,,,,,,,,,,,,,657996.3125,,,,,,,,,,657996.3125,,,,,,,,,,657996.3125,,,,,,,657996.3125
Namibia,,,,,,,,,,,,,,,,,,,,,,,,,,,,,,,822303.125,,,,,,,,,,822303.125,,,,,,,,,,822303.125,,,,,,,822303.125
Nauru,,,,,,,,,,,,,,,,,,,,,,,,,,,,,,,10.04919243,,,,,,,,,,10.04919243,,,,,,,,,,10.04919243,,,,,,,10.04919243
Nepal,,,,,,,,,,,,,,,,,,,,,,,,,,,,,,,,,,,,,,,,,,,,,,,,,,,,,,,,,,#DIV/0!
Netherlands,,,,,,,,,,,,,,,,,,,,,,,,,,,,,,,21411.86328,,,,,,,,,,21411.86328,,,,,,,,,,21411.86328,,,,,,,21411.86328
New Caledonia,,,,,,,,,,,,,,,,,,,,,,,,,,,,,,,18564.04102,,,,,,,,,,18564.04102,,,,,,,,,,18564.04102,,,,,,,18564.04102
New Zealand,,,,,,,,,,,,,,,,,,,,,,,,,,,,,,,253834.7031,,,,,,,,,,253834.7031,,,,,,,,,,253834.7031,,,,,,,253834.7031
Nicaragua,,,,,,,,,,,,,,,,,,,,,,,,,,,,,,,115694.2891,,,,,,,,,,115694.2891,,,,,,,,,,115694.2891,,,,,,,115694.2891
Niger,,,,,,,,,,,,,,,,,,,,,,,,,,,,,,,,,,,,,,,,,,,,,,,,,,,,,,,,,,#DIV/0!
Nigeria,,,,,,,,,,,,,,,,,,,,,,,,,,,,,,,880103.3125,,,,,,,,,,880103.3125,,,,,,,,,,880103.3125,,,,,,,880103.3125
North America,,,,,,,,,,,,,,,,,,,,,,,,,,,,,,,17633613.29,,,,,,,,,,17633613.29,,,,,,,,,,17633613.29,,,,,,,17633613.29
Northern Mariana Islands,,,,,,,,,,,,,,,,,,,,,,,,,,,,,,,379.3888855,,,,,,,,,,379.3888855,,,,,,,,,,379.3888855,,,,,,,379.3888855
Norway,,,,,,,,,,,,,,,,,,,,,,,,,,,,,,,292187.8125,,,,,,,,,,292187.8125,,,,,,,,,,292187.8125,,,,,,,292187.8125
Not classified,,,,,,,,,,,,,,,,,,,,,,,,,,,,,,,,,,,,,,,,,,,,,,,,,,,,,,,,,,#DIV/0!
OECD members,,,,,,,,,,,,,,,,,,,,,,,,,,,,,,,32551468.86,,,,,,,,,,32551468.86,,,,,,,,,,32551468.86,,,,,,,32551468.86
Oman,,,,,,,,,,,,,,,,,,,,,,,,,,,,,,,307667.5313,,,,,,,,,,307667.5313,,,,,,,,,,307667.5313,,,,,,,307667.5313
Other small states,,,,,,,,,,,,,,,,,,,,,,,,,,,,,,,1365357.063,,,,,,,,,,1365357.063,,,,,,,,,,1365357.063,,,,,,,1365357.063
Pacific island small states,,,,,,,,,,,,,,,,,,,,,,,,,,,,,,,63259.04956,,,,,,,,,,63259.04956,,,,,,,,,,63259.04956,,,,,,,63259.04956
Pakistan,,,,,,,,,,,,,,,,,,,,,,,,,,,,,,,751709.5,,,,,,,,,,751709.5,,,,,,,,,,751709.5,,,,,,,751709.5
Palau,,,,,,,,,,,,,,,,,,,,,,,,,,,,,,,448.2705994,,,,,,,,,,448.2705994,,,,,,,,,,448.2705994,,,,,,,448.2705994
Panama,,,,,,,,,,,,,,,,,,,,,,,,,,,,,,,71714.3125,,,,,,,,,,71714.3125,,,,,,,,,,71714.3125,,,,,,,71714.3125
Papua New Guinea,,,,,,,,,,,,,,,,,,,,,,,,,,,,,,,459445.5,,,,,,,,,,459445.5,,,,,,,,,,459445.5,,,,,,,459445.5
Paraguay,,,,,,,,,,,,,,,,,,,,,,,,,,,,,,,,,,,,,,,,,,,,,,,,,,,,,,,,,,#DIV/0!
Peru,,,,,,,,,,,,,,,,,,,,,,,,,,,,,,,1256339.875,,,,,,,,,,1256339.875,,,,,,,,,,1256339.875,,,,,,,1256339.875
Philippines,,,,,,,,,,,,,,,,,,,,,,,,,,,,,,,282759.125,,,,,,,,,,282759.125,,,,,,,,,,282759.125,,,,,,,282759.125
Poland,,,,,,,,,,,,,,,,,,,,,,,,,,,,,,,277840.5,,,,,,,,,,277840.5,,,,,,,,,,277840.5,,,,,,,277840.5
Portugal,,,,,,,,,,,,,,,,,,,,,,,,,,,,,,,78286.85156,,,,,,,,,,78286.85156,,,,,,,,,,78286.85156,,,,,,,78286.85156
Post-demographic dividend,,,,,,,,,,,,,,,,,,,,,,,,,,,,,,,29857737.36,,,,,,,,,,29857737.36,,,,,,,,,,29857737.36,,,,,,,29857737.36
Pre-demographic dividend,,,,,,,,,,,,,,,,,,,,,,,,,,,,,,,15238541.32,,,,,,,,,,15238541.32,,,,,,,,,,15238541.32,,,,,,,15238541.32
Puerto Rico,,,,,,,,,,,,,,,,,,,,,,,,,,,,,,,459.9195251,,,,,,,,,,459.9195251,,,,,,,,,,459.9195251,,,,,,,459.9195251
Qatar,,,,,,,,,,,,,,,,,,,,,,,,,,,,,,,9779.24707,,,,,,,,,,9779.24707,,,,,,,,,,9779.24707,,,,,,,9779.24707
Romania,,,,,,,,,,,,,,,,,,,,,,,,,,,,,,,219047.9375,,,,,,,,,,219047.9375,,,,,,,,,,219047.9375,,,,,,,219047.9375
Russian Federation,,,,,,,,,,,,,,,,,,,,,,,,,,,,,,,16305829.27,,,,,,,,,,16305829.27,,,,,,,,,,16305829.27,,,,,,,16305829.27
Rwanda,,,,,,,,,,,,,,,,,,,,,,,,,,,,,,,,,,,,,,,,,,,,,,,,,,,,,,,,,,#DIV/0!
Samoa,,,,,,,,,,,,,,,,,,,,,,,,,,,,,,,2748.275879,,,,,,,,,,2748.275879,,,,,,,,,,2748.275879,,,,,,,2748.275879
San Marino,,,,,,,,,,,,,,,,,,,,,,,,,,,,,,,3.735872746,,,,,,,,,,3.735872746,,,,,,,,,,3.735872746,,,,,,,3.735872746
Sao Tome and Principe,,,,,,,,,,,,,,,,,,,,,,,,,,,,,,,933.3151855,,,,,,,,,,933.3151855,,,,,,,,,,933.3151855,,,,,,,933.3151855
Saudi Arabia,,,,,,,,,,,,,,,,,,,,,,,,,,,,,,,1912311.875,,,,,,,,,,1912311.875,,,,,,,,,,1912311.875,,,,,,,1912311.875
Senegal,,,,,,,,,,,,,,,,,,,,,,,,,,,,,,,193255.5469,,,,,,,,,,193255.5469,,,,,,,,,,193255.5469,,,,,,,193255.5469
Serbia,,,,,,,,,,,,,,,,,,,,,,,,,,,,,,,,,,,,,,,,,,,,,,,,,,,,,,,,,,#DIV/0!
Seychelles,,,,,,,,,,,,,,,,,,,,,,,,,,,,,,,187.9656067,,,,,,,,,,187.9656067,,,,,,,,,,187.9656067,,,,,,,187.9656067
Sierra Leone,,,,,,,,,,,,,,,,,,,,,,,,,,,,,,,71494.83594,,,,,,,,,,71494.83594,,,,,,,,,,71494.83594,,,,,,,71494.83594
Singapore,,,,,,,,,,,,,,,,,,,,,,,,,,,,,,,103.5980911,,,,,,,,,,103.5980911,,,,,,,,,,103.5980911,,,,,,,103.5980911
Sint Maarten (Dutch part),,,,,,,,,,,,,,,,,,,,,,,,,,,,,,,,,,,,,,,,,,,,,,,,,,,,,,,,,,#DIV/0!
Slovak Republic,,,,,,,,,,,,,,,,,,,,,,,,,,,,,,,,,,,,,,,,,,,,,,,,,,,,,,,,,,#DIV/0!
Slovenia,,,,,,,,,,,,,,,,,,,,,,,,,,,,,,,17680.89453,,,,,,,,,,17680.89453,,,,,,,,,,17680.89453,,,,,,,17680.89453
Small states,,,,,,,,,,,,,,,,,,,,,,,,,,,,,,,1821834.322,,,,,,,,,,1821834.322,,,,,,,,,,1821834.322,,,,,,,1821834.322
Solomon Islands,,,,,,,,,,,,,,,,,,,,,,,,,,,,,,,28264.57813,,,,,,,,,,28264.57813,,,,,,,,,,28264.57813,,,,,,,28264.57813
Somalia,,,,,,,,,,,,,,,,,,,,,,,,,,,,,,,634302.5625,,,,,,,,,,634302.5625,,,,,,,,,,634302.5625,,,,,,,634302.5625
South Africa,,,,,,,,,,,,,,,,,,,,,,,,,,,,,,,53460.3125,,,,,,,,,,53460.3125,,,,,,,,,,53460.3125,,,,,,,53460.3125
South Asia,,,,,,,,,,,,,,,,,,,,,,,,,,,,,,,3917486.964,,,,,,,,,,3917486.964,,,,,,,,,,3917486.964,,,,,,,3917486.964
South Asia (IDA & IBRD),,,,,,,,,,,,,,,,,,,,,,,,,,,,,,,3917486.964,,,,,,,,,,3917486.964,,,,,,,,,,3917486.964,,,,,,,3917486.964
South Sudan,,,,,,,,,,,,,,,,,,,,,,,,,,,,,,,,,,,,,,,,,,,,,,,,,,,,,,,,,,#DIV/0!
Spain,,,,,,,,,,,,,,,,,,,,,,,,,,,,,,,432138.3438,,,,,,,,,,432138.3438,,,,,,,,,,432138.3438,,,,,,,432138.3438
Sri Lanka,,,,,,,,,,,,,,,,,,,,,,,,,,,,,,,61106.80859,,,,,,,,,,61106.80859,,,,,,,,,,61106.80859,,,,,,,61106.80859
St. Kitts and Nevis,,,,,,,,,,,,,,,,,,,,,,,,,,,,,,,36.29169846,,,,,,,,,,36.29169846,,,,,,,,,,36.29169846,,,,,,,36.29169846
St. Lucia,,,,,,,,,,,,,,,,,,,,,,,,,,,,,,,263.5793762,,,,,,,,,,263.5793762,,,,,,,,,,263.5793762,,,,,,,263.5793762
St. Martin (French part),,,,,,,,,,,,,,,,,,,,,,,,,,,,,,,,,,,,,,,,,,,,,,,,,,,,,,,,,,#DIV/0!
St. Vincent and the Grenadines,,,,,,,,,,,,,,,,,,,,,,,,,,,,,,,322.5854187,,,,,,,,,,322.5854187,,,,,,,,,,322.5854187,,,,,,,322.5854187
Sub-Saharan Africa,,,,,,,,,,,,,,,,,,,,,,,,,,,,,,,17310643.96,,,,,,,,,,17310643.96,,,,,,,,,,17310643.96,,,,,,,17310643.96
Sub-Saharan Africa (excluding high income),,,,,,,,,,,,,,,,,,,,,,,,,,,,,,,17310456,,,,,,,,,,17310456,,,,,,,,,,17310456,,,,,,,17310456
Sub-Saharan Africa (IDA & IBRD countries),,,,,,,,,,,,,,,,,,,,,,,,,,,,,,,17310643.96,,,,,,,,,,17310643.96,,,,,,,,,,17310643.96,,,,,,,17310643.96
Sudan,,,,,,,,,,,,,,,,,,,,,,,,,,,,,,,2489483.5,,,,,,,,,,2489483.5,,,,,,,,,,2489483.5,,,,,,,2489483.5
Suriname,,,,,,,,,,,,,,,,,,,,,,,,,,,,,,,139976.1719,,,,,,,,,,139976.1719,,,,,,,,,,139976.1719,,,,,,,139976.1719
Swaziland,,,,,,,,,,,,,,,,,,,,,,,,,,,,,,,16551.38672,,,,,,,,,,16551.38672,,,,,,,,,,16551.38672,,,,,,,16551.38672
Sweden,,,,,,,,,,,,,,,,,,,,,,,,,,,,,,,390507.2813,,,,,,,,,,390507.2813,,,,,,,,,,390507.2813,,,,,,,390507.2813
Switzerland,,,,,,,,,,,,,,,,,,,,,,,,,,,,,,,30190.08398,,,,,,,,,,30190.08398,,,,,,,,,,30190.08398,,,,,,,30190.08398
Syrian Arab Republic,,,,,,,,,,,,,,,,,,,,,,,,,,,,,,,173463.2344,,,,,,,,,,173463.2344,,,,,,,,,,173463.2344,,,,,,,173463.2344
Tajikistan,,,,,,,,,,,,,,,,,,,,,,,,,,,,,,,,,,,,,,,,,,,,,,,,,,,,,,,,,,#DIV/0!
Tanzania,,,,,,,,,,,,,,,,,,,,,,,,,,,,,,,886549.5625,,,,,,,,,,886549.5625,,,,,,,,,,886549.5625,,,,,,,886549.5625
Thailand,,,,,,,,,,,,,,,,,,,,,,,,,,,,,,,474183.4375,,,,,,,,,,474183.4375,,,,,,,,,,474183.4375,,,,,,,474183.4375
Timor-Leste,,,,,,,,,,,,,,,,,,,,,,,,,,,,,,,14569.63867,,,,,,,,,,14569.63867,,,,,,,,,,14569.63867,,,,,,,14569.63867
Togo,,,,,,,,,,,,,,,,,,,,,,,,,,,,,,,55426.64063,,,,,,,,,,55426.64063,,,,,,,,,,55426.64063,,,,,,,55426.64063
Tonga,,,,,,,,,,,,,,,,,,,,,,,,,,,,,,,552.3500366,,,,,,,,,,552.3500366,,,,,,,,,,552.3500366,,,,,,,552.3500366
Trinidad and Tobago,,,,,,,,,,,,,,,,,,,,,,,,,,,,,,,2879.285645,,,,,,,,,,2879.285645,,,,,,,,,,2879.285645,,,,,,,2879.285645
Tunisia,,,,,,,,,,,,,,,,,,,,,,,,,,,,,,,144635.9063,,,,,,,,,,144635.9063,,,,,,,,,,144635.9063,,,,,,,144635.9063
Turkey,,,,,,,,,,,,,,,,,,,,,,,,,,,,,,,723511.5,,,,,,,,,,723511.5,,,,,,,,,,723511.5,,,,,,,723511.5
Turkmenistan,,,,,,,,,,,,,,,,,,,,,,,,,,,,,,,,,,,,,,,,,,,,,,,,,,,,,,,,,,#DIV/0!
Turks and Caicos Islands,,,,,,,,,,,,,,,,,,,,,,,,,,,,,,,965.7578735,,,,,,,,,,965.7578735,,,,,,,,,,965.7578735,,,,,,,965.7578735
Tuvalu,,,,,,,,,,,,,,,,,,,,,,,,,,,,,,,38.7635994,,,,,,,,,,38.7635994,,,,,,,,,,38.7635994,,,,,,,38.7635994
Uganda,,,,,,,,,,,,,,,,,,,,,,,,,,,,,,,,,,,,,,,,,,,,,,,,,,,,,,,,,,#DIV/0!
Ukraine,,,,,,,,,,,,,,,,,,,,,,,,,,,,,,,553950.875,,,,,,,,,,553950.875,,,,,,,,,,553950.875,,,,,,,553950.875
United Arab Emirates,,,,,,,,,,,,,,,,,,,,,,,,,,,,,,,70575.10938,,,,,,,,,,70575.10938,,,,,,,,,,70575.10938,,,,,,,70575.10938
United Kingdom,,,,,,,,,,,,,,,,,,,,,,,,,,,,,,,183648.9219,,,,,,,,,,183648.9219,,,,,,,,,,183648.9219,,,,,,,183648.9219
United States,,,,,,,,,,,,,,,,,,,,,,,,,,,,,,,8549545.51,,,,,,,,,,8549545.51,,,,,,,,,,8549545.51,,,,,,,8549545.51
Upper middle income,,,,,,,,,,,,,,,,,,,,,,,,,,,,,,,52609330.77,,,,,,,,,,52609330.77,,,,,,,,,,52609330.77,,,,,,,52609330.77
Uruguay,,,,,,,,,,,,,,,,,,,,,,,,,,,,,,,168731.9219,,,,,,,,,,168731.9219,,,,,,,,,,168731.9219,,,,,,,168731.9219
Uzbekistan,,,,,,,,,,,,,,,,,,,,,,,,,,,,,,,,,,,,,,,,,,,,,,,,,,,,,,,,,,#DIV/0!
Vanuatu,,,,,,,,,,,,,,,,,,,,,,,,,,,,,,,12210.13477,,,,,,,,,,12210.13477,,,,,,,,,,12210.13477,,,,,,,12210.13477
"Venezuela, RB",,,,,,,,,,,,,,,,,,,,,,,,,,,,,,,868222.75,,,,,,,,,,868222.75,,,,,,,,,,868222.75,,,,,,,868222.75
Vietnam,,,,,,,,,,,,,,,,,,,,,,,,,,,,,,,318130.0938,,,,,,,,,,318130.0938,,,,,,,,,,318130.0938,,,,,,,318130.0938
Virgin Islands (U.S.),,,,,,,,,,,,,,,,,,,,,,,,,,,,,,,63.46201324,,,,,,,,,,63.46201324,,,,,,,,,,63.46201324,,,,,,,63.46201324
West Bank and Gaza,,,,,,,,,,,,,,,,,,,,,,,,,,,,,,,3505.060059,,,,,,,,,,3505.060059,,,,,,,,,,3505.060059,,,,,,,3505.060059
World,,,,,,,,,,,,,,,,,,,,,,,,,,,,,,,111794070.4,,,,,,,,,,111794070.4,,,,,,,,,,111794070.4,,,,,,,111794070.4
"Yemen, Rep.",,,,,,,,,,,,,,,,,,,,,,,,,,,,,,,411287.5938,,,,,,,,,,411287.5938,,,,,,,,,,411287.5938,,,,,,,411287.5938
Zambia,,,,,,,,,,,,,,,,,,,,,,,,,,,,,,,,,,,,,,,,,,,,,,,,,,,,,,,,,,#DIV/0!
Zimbabwe,,,,,,,,,,,,,,,,,,,,,,,,,,,,,,,,,,,,,,,,,,,,,,,,,,,,,,,,,,#DIV/0!
